# M3d: where each move unit of vinga-server/README.md went, read against
# the README at the branch base, 83cff064 (M3c's tip).
# Run from the repository root:
#   git show 83cff064:vinga-server/README.md > old.md
#   python3 scripts/audit_doc_move.py old.md vinga-server/README.md <this file>
# Columns, tab-separated: LINE [FIRST-LAST] DESTINATION [kinds=] [edited=].
# Stack; Development with the local and smoke lanes (D8a, the smoke database)
74	docs/contributing.md	kinds=explanation
88	docs/contributing.md	kinds=procedure,explanation	edited=4,7,9,13,15,16,17
# Listening and barge-in
241	docs/run/turn-taking.md	kinds=procedure,explanation	edited=5,8
# Masking reply latency; When a reply fails
317	docs/run/slow-and-failed-replies.md	kinds=procedure,explanation	edited=2,3,5
374	docs/run/slow-and-failed-replies.md	kinds=procedure,explanation	edited=2,3,6
# When a model writes a tool call into its speech, into Flow 2
433	docs/system-overview.md	kinds=explanation	edited=4
# Logging, Watching a deployment as it runs; Exporting traces (the Langfuse header)
477	docs/run/logs-and-traces.md	kinds=procedure,explanation,contract	edited=4,5,6,7,12,14
645	docs/run/logs-and-traces.md	kinds=procedure,explanation,contract	edited=2,4,5,6,8,9,10,11
# Capturing a session
748	docs/run/capturing-a-session.md	kinds=procedure,explanation	edited=7,8,11,13
# What a conversation cost (D8a, the model definition)
831	docs/run/conversation-cost.md	kinds=procedure,explanation	edited=7,20,24,27
# The conversation store: the reading-as-vinga_ro block and its password
# paragraph are database.md's to say, which the edited paragraph 17 links
992	1-17	docs/run/conversation-store.md	kinds=procedure,explanation,contract	edited=4,9,12,14,17
992	18-19	DROP
992	20-22	docs/run/conversation-store.md	kinds=explanation	edited=20,21,22
